Angle,Detector 4,Detector 3
3,30659.5,16823.166666666668
1,53698.916666666664,10699.52777777778
1,57444.4861111111,10108.25462962963
2,42705.74768518518,16128.209104938273
