Angle,Detector 4,Detector 3
3,89026.83333333333,36403.5
1,47140.305555555555,69633.25
2,70409.38425925926,55132.041666666664
