Angle,Detector 1,Detector 2
0,5509.833333333333,702.1666666666666
