Angle,Detector 4,Detector 3
0,0.0,435.6666666666667
0,0.0,480.4444444444445
0,0.0,618.7407407407408
